<?xml version="1.0" encoding="UTF-8" ?>
<!DOCTYPE mapper PUBLIC "-//mybatis.org//DTD Mapper 3.0//EN" 
	"http://mybatis.org/dtd/mybatis-3-mapper.dtd">

<mapper namespace="com.gabojago.gabojago.model.mapper.TripSearchMapper">
	<!-- 로그인 결과 담을 resultMap -->
	<resultMap type="tripSearchDto" id="tripSearch">
		<result column="content_id" property="contentId"/>
		<result column="content_type_id" property="contentTypeId"/>
		<result column="title" property="title"/>
		<result column="addr1" property="addr1"/>
		<result column="addr2" property="addr2"/>
		<result column="zipcode" property="zipcode"/>
		<result column="tel" property="tel"/>
		<result column="first_image" property="firstImage"/>
		<result column="first_image2" property="firstImage2"/>
		<result column="readcount" property="readcount"/>
		<result column="sido_code" property="sido_code"/>
		<result column="gugun_code" property="gugun_code"/>
		<result column="latitude" property="latitude"/>
		<result column="longitude" property="longitude"/>
		<result column="mlevel" property="mlevel"/>
		<result column="overview" property="overview"/>
		<result column="distance" property="distance"/>
		<result column="like" property="like"/>
		<result column="commentNum" property="commentNum"/>
		<result column="like_cnt" property="like"/>
	</resultMap>
	
	<!-- 입력 ID에 해당하는 SALT값 가져오기 -->
	<select id="tripList" parameterType="hashMap" resultMap="tripSearch">
		select *, (select count(*) from attraction_comment where attraction_comment.content_id = attraction_info.content_id) as commentNum
		from attraction_info, attraction_description
		where sido_code = #{sido}
		and content_type_id = #{contentTypeId}
		AND title LIKE CONCAT('%', #{keyword}, '%')
		and attraction_info.content_id = attraction_description.content_id
		order by like_cnt desc;
	</select>
</mapper>