<?xml version="1.0" encoding="UTF-8" ?>
<!DOCTYPE mapper PUBLIC "-//mybatis.org//DTD Mapper 3.0//EN" 
	"http://mybatis.org/dtd/mybatis-3-mapper.dtd">

<mapper namespace="com.gabojago.gabojago.model.mapper.UserBoardMapper">
	
	<!-- 게시글 목록 담을 resultMap -->
	<resultMap type="UserBoardDto" id="list">
		<result column="article_no" property="articleNo"/>
		<result column="user_id" property="userId"/>
		<result column="subject" property="subject"/>
		<result column="content" property="content"/>
		<result column="hit" property="hit"/>
		<result column="register_time" property="registerTime"/>
		<result column="imgs_is_exist" property="imgsIsExist"/>
		<result column="img_slide_num" property="imgSlideNum"/>
		<result column="comments_cnt" property="commentCnt"/>
		<result column="like_cnt" property="likeCnt"/>
		<result column="profile_img" property="profileImg"/>
	</resultMap>
	
	<!-- 게시글 이미지들 담을 resultMap -->
	<resultMap type="ImgInfos" id="imgs">
		<result column="article_no" property="articleNo"/>
		<result column="img_blob" property="imgBlob"/>
	</resultMap>
	
	<!-- 댓글을 담을 resultMap -->
	<resultMap type="UserBoardCommentsDto" id="comments">
		<result column="comment_no" property="commentNo"/>
		<result column="article_no" property="articleNo"/>
		<result column="user_id" property="userId"/>
		<result column="content" property="content"/>
		<result column="register_time" property="registerTime"/>
		<result column="profile_img" property="profileImg"/>
		<result column="is_modify" property="isModify"/>
	</resultMap>
	
	<!-- 모든 게시글 리스트 가져오기 -->
	<select id="listArticle" resultMap="list">
		select b.article_no, b.user_id, b.subject, b.content, b.hit, b.register_time, b.imgs_is_exist, b.like_cnt, b.comments_cnt, m.profile_img
		from boards b, members m
		where b.user_id = m.user_id and b.type = 'U'
		<if test="word != null and word != ''">
			<if test="key == 'subject'">
				and subject like concat('%', #{word}, '%')
			</if>
			<if test="key != 'subject'">
				and b.${key} = #{word}
			</if>
		</if>
		order by b.article_no desc
		limit #{start}, #{spp}
	</select>
	
	<!-- 모든 이미지 리스트 가져오기 -->
	<select id="getImgs" resultMap="imgs">
		select article_no, img_blob
		from board_img;
	</select>
	
	<!-- 해당 게시글의 이미지 삭제 -->
	<delete id="deleteImgs" parameterType="int">
		delete from board_img
		where article_no = ${articleNo}
	</delete>
	
	<!-- 해당 게시글의 이미지 수정: 등록 -->
	<insert id="modifyImg" parameterType="ImgInfos">
		    INSERT INTO board_img (article_no, img_blob)
		    VALUES (#{articleNo}, #{imgBlob})
	</insert>
	
	<!-- 게시글 등록 -->
	<insert id="writeArticle" parameterType="userboardDto">
		insert into boards(user_id, subject, content, type, imgs_is_exist)
		values (#{userId}, #{subject}, #{content}, 'U', #{imgsIsExist})
	</insert>
	
	<!-- 이미지 등록여부 수정
	<update id="imgOk">
		update boards
		set imgs_is_exist = 'Y'
		where article_no = (SELECT article_no FROM boards WHERE type = 'U' ORDER BY register_time DESC LIMIT 1)
	</update> -->
	
	
	<!-- 사진등록 -->
	<insert id="registImgs" parameterType="String">
		    INSERT INTO board_img (article_no, img_blob)
		    VALUES (
		      (SELECT article_no FROM boards WHERE type = 'U' ORDER BY register_time DESC LIMIT 1),
		      #{imgs}
		    )
	</insert>
	
	<!-- 게시글 상세보기 -->
	<select id="getArticle" parameterType="int" resultMap="list">
		select *
		from boards
		where article_no = #{articleNo}
	</select>
	
	<!-- 조회수 증가 -->
	<update id="updateHit" parameterType="int">
		update boards
		set hit = hit + 1
		where article_no = ${articleNo}
	</update>
			
	<!-- 게시글 수정 -->
	<update id="modifyArticle" parameterType="userboardDto">
		update boards
		set subject = #{subject}, content = #{content}, imgs_is_exist = #{imgsIsExist}
		where article_no = #{articleNo}
	</update>
	
	<!-- 게시글 삭제 -->
	<delete id="deleteArticle" parameterType="int">
		delete from boards
		where article_no = #{articleNo}
	</delete>
	
	<!-- 게시글 개수 -->
	<select id="getTotalAdminBoardCount" parameterType="map" resultType="int">
		select count(article_no)
		from boards
		where type = 'U'
		<if test="word != null and word != ''">
			<if test="key == 'subject'">
					and subject like concat('%', #{word}, '%')
			</if>
			<if test="key != 'subject'">
					and ${key} = #{word}
			</if>
		</if>
	</select>
	
	<!-- articleNo에 해당하는 댓글 가져오기 -->
	<select id="getComments" parameterType="int" resultMap="comments">
		select a.comment_no, a.article_no, a.user_id, a.content, a.register_time, a.is_modify, b.profile_img
		from board_comments a, members b
		where article_no = #{articleNo} and a.user_id = b.user_id
		order by a.register_time desc
	</select>
	
	<!-- 해당 게시글에 대한 댓글 작성하기 -->
	<insert id="writeComment" parameterType="UserBoardCommentsDto">
		insert into board_comments(article_no, user_id, content)
		values (#{articleNo}, #{userId}, #{content})
	</insert>
	
	<!-- 조회수 업데이트: 증감 -->
	<update id="updateCommentsCnt" parameterType="int">
		update boards
		set comments_cnt = (select count(article_no)
							from board_comments
		                    where article_no = #{articleNo})
		where article_no = #{articleNo};
	</update>
	
	<!-- 댓글 삭제 -->
	<delete id="deleteComment" parameterType="int">
		delete from board_comments
		where comment_no = ${commentNo}
	</delete>
	
	<!-- 댓글 수정 -->
	<update id="modifyComment" parameterType="UserBoardCommentsDto">
		update board_comments
		set content = #{content}, is_modify = 1
		where comment_no = ${commentNo}
	</update>
	
	<!-- 조회수 TOP3 -->
	<select id="listTop3" resultMap="list">
		select *
		from boards
		where type = "U"
		order by hit desc
		limit 3
	</select>
</mapper>